               epoch,      train/box_loss,      train/obj_loss,      train/cls_loss,   metrics/precision,      metrics/recall,     metrics/mAP_0.5,metrics/mAP_0.5:0.95,        val/box_loss,        val/obj_loss,        val/cls_loss,               x/lr0,               x/lr1,               x/lr2
                   0,             0.11582,            0.046092,            0.056686,           0.0049687,             0.46894,            0.011964,           0.0043679,            0.099689,            0.031779,            0.053936,              0.0928,              0.0008,              0.0008
                   1,             0.10481,            0.054303,            0.055176,           0.0052822,             0.49061,            0.012468,           0.0048367,            0.092486,            0.031021,            0.052082,            0.084699,           0.0016992,           0.0016992
                   2,            0.097399,            0.058221,            0.053454,           0.0059486,              0.5551,            0.029312,            0.011882,            0.084969,            0.030447,              0.0497,            0.076597,           0.0025974,           0.0025974
                   3,            0.088144,            0.065606,            0.050671,            0.006124,             0.61989,            0.072016,            0.031137,             0.08001,            0.029977,            0.047017,            0.068495,           0.0034948,           0.0034948
                   4,            0.079396,            0.062837,            0.048792,             0.70291,            0.033333,             0.10004,            0.047368,             0.07596,            0.030489,            0.044071,            0.060391,           0.0043913,           0.0043913
                   5,            0.073282,             0.06918,            0.045598,             0.51733,             0.11946,             0.12722,            0.068938,            0.075786,            0.032144,            0.041926,            0.052287,           0.0052869,           0.0052869
                   6,            0.073333,            0.063129,            0.042727,             0.49475,             0.18832,            0.097216,            0.032954,            0.079141,            0.032695,            0.038246,            0.044182,           0.0061816,           0.0061816
                   7,            0.066838,            0.067465,            0.038673,             0.69319,             0.20741,             0.21896,            0.094775,            0.073178,            0.035042,            0.034196,            0.036075,           0.0070754,           0.0070754
                   8,             0.06649,            0.068468,             0.03613,             0.68911,             0.14481,             0.11065,            0.045033,            0.076035,            0.035061,            0.031256,            0.027968,           0.0079683,           0.0079683
                   9,            0.066757,            0.066464,            0.034448,             0.63293,             0.16528,             0.12135,            0.053719,            0.076088,             0.03456,            0.030273,             0.01986,           0.0088604,           0.0088604
                  10,            0.067866,            0.065545,            0.033131,             0.53318,             0.18355,             0.15641,            0.076814,            0.080689,            0.032835,            0.029812,            0.011751,           0.0097515,           0.0097515
                  11,            0.067291,            0.063239,            0.031492,             0.44447,             0.23938,             0.12487,            0.036487,            0.077483,            0.033544,             0.02823,           0.0099456,           0.0099456,           0.0099456
                  12,            0.065242,            0.059803,            0.031458,             0.60724,             0.22222,            0.096688,             0.03563,            0.071958,            0.033293,            0.028282,           0.0099456,           0.0099456,           0.0099456
                  13,            0.063311,            0.060598,            0.028757,             0.57567,             0.24861,             0.12013,             0.03113,            0.078887,             0.03164,            0.026789,           0.0099406,           0.0099406,           0.0099406
                  14,            0.062351,            0.065035,             0.02697,             0.28544,             0.35719,             0.13717,            0.042636,            0.074919,            0.032306,            0.024067,           0.0099357,           0.0099357,           0.0099357
                  15,            0.060349,            0.059793,            0.025965,             0.35738,             0.39028,             0.26244,             0.12834,            0.065637,            0.030478,            0.022961,           0.0099307,           0.0099307,           0.0099307
                  16,            0.061159,            0.054249,            0.025345,             0.43537,             0.32827,             0.33758,             0.17578,            0.064846,            0.031142,            0.020708,           0.0099258,           0.0099258,           0.0099258
                  17,            0.057407,            0.060799,            0.022737,             0.47741,             0.41373,             0.31817,             0.15058,            0.064926,            0.030819,            0.019734,           0.0099208,           0.0099208,           0.0099208
                  18,              0.0591,            0.056804,            0.021648,             0.44182,             0.37288,             0.28792,             0.12595,            0.068128,             0.03135,            0.019288,           0.0099159,           0.0099159,           0.0099159
                  19,            0.058254,            0.059788,            0.021999,             0.45041,             0.31095,             0.30346,             0.14359,            0.064588,            0.030941,            0.018686,           0.0099109,           0.0099109,           0.0099109
                  20,            0.053949,            0.058159,            0.020467,              0.4869,             0.39232,             0.32017,             0.14794,             0.06568,            0.031629,            0.017984,            0.009906,            0.009906,            0.009906
                  21,             0.05363,            0.058003,            0.019632,             0.41292,             0.30915,             0.29175,             0.11236,            0.069718,            0.032648,            0.017219,            0.009901,            0.009901,            0.009901
                  22,            0.051365,            0.059552,            0.018044,             0.54686,             0.36214,             0.37114,             0.15812,             0.06446,            0.026779,            0.017116,           0.0098961,           0.0098961,           0.0098961
                  23,            0.049495,            0.052473,            0.017223,             0.61854,              0.4417,             0.44072,             0.21943,            0.060402,            0.026185,            0.017211,           0.0098911,           0.0098911,           0.0098911
                  24,            0.054363,            0.058902,            0.017677,             0.62189,             0.46581,             0.46281,             0.26148,            0.059749,            0.025736,            0.017051,           0.0098861,           0.0098861,           0.0098861
                  25,            0.050359,            0.053749,            0.015979,              0.6793,             0.42866,             0.46144,             0.25563,            0.057165,            0.028013,            0.015571,           0.0098812,           0.0098812,           0.0098812
                  26,            0.054017,            0.053156,            0.015194,              0.6976,              0.4036,             0.43675,             0.24317,            0.056704,            0.027493,            0.016915,           0.0098763,           0.0098763,           0.0098763
                  27,            0.047362,            0.057369,            0.015692,             0.64433,              0.3921,             0.43777,             0.21317,            0.055855,            0.029653,            0.016289,           0.0098713,           0.0098713,           0.0098713
                  28,            0.047183,            0.056554,            0.014732,             0.68986,              0.4232,             0.43139,             0.21905,            0.055935,            0.028961,            0.014664,           0.0098664,           0.0098664,           0.0098664
                  29,            0.048555,            0.053395,            0.012458,             0.74184,             0.45498,             0.44546,             0.24446,            0.056714,             0.02734,              0.0144,           0.0098614,           0.0098614,           0.0098614
                  30,            0.043565,            0.053586,            0.014519,             0.58026,             0.44756,             0.41643,             0.23174,            0.059097,            0.026493,            0.014078,           0.0098565,           0.0098565,           0.0098565
                  31,            0.046351,            0.055106,            0.012607,             0.56737,             0.45454,             0.42284,             0.24498,            0.051989,            0.025476,            0.015093,           0.0098515,           0.0098515,           0.0098515
                  32,             0.04465,            0.056232,            0.011998,             0.54087,             0.44098,             0.43235,             0.25028,              0.0567,            0.025972,            0.012942,           0.0098466,           0.0098466,           0.0098466
                  33,            0.044438,            0.051943,            0.011867,             0.47609,             0.45499,             0.42151,             0.24972,            0.054149,            0.026599,            0.013796,           0.0098416,           0.0098416,           0.0098416
                  34,            0.042886,            0.050679,            0.010827,             0.52951,              0.4467,             0.39992,             0.22101,            0.059047,            0.027482,            0.013353,           0.0098367,           0.0098367,           0.0098367
                  35,            0.045458,            0.054318,             0.01236,              0.5367,             0.39205,             0.44805,             0.26027,            0.050469,            0.026311,            0.013319,           0.0098317,           0.0098317,           0.0098317
                  36,            0.044424,            0.053439,            0.012006,             0.56291,             0.44617,             0.48221,             0.27893,            0.051456,             0.02586,             0.01335,           0.0098268,           0.0098268,           0.0098268
                  37,            0.041401,            0.050675,            0.011535,             0.57026,             0.43743,             0.45189,             0.22806,            0.053988,            0.025784,            0.013636,           0.0098218,           0.0098218,           0.0098218
                  38,            0.041948,            0.054485,            0.010669,             0.50077,             0.35608,             0.42005,             0.21772,            0.056581,            0.025171,            0.012557,           0.0098169,           0.0098169,           0.0098169
                  39,            0.043012,            0.053514,           0.0099308,             0.60254,              0.4525,             0.48804,             0.27237,             0.05082,             0.02567,            0.012574,           0.0098119,           0.0098119,           0.0098119
                  40,            0.042501,            0.048776,           0.0092755,             0.50873,             0.45737,              0.4592,             0.24573,            0.053926,            0.024874,            0.013463,            0.009807,            0.009807,            0.009807
                  41,            0.041609,            0.050891,           0.0091141,             0.51448,              0.4753,             0.44585,              0.2572,            0.052964,            0.024553,            0.013387,            0.009802,            0.009802,            0.009802
                  42,            0.039248,            0.053882,           0.0093041,             0.52488,             0.43038,             0.46668,             0.28796,            0.050667,            0.024683,            0.014312,            0.009797,            0.009797,            0.009797
                  43,             0.04042,            0.052216,           0.0094632,             0.45774,             0.46802,             0.41255,             0.23502,            0.051373,            0.026055,            0.011504,           0.0097921,           0.0097921,           0.0097921
                  44,            0.040782,            0.049466,           0.0084267,             0.48234,             0.46101,             0.43258,             0.23837,             0.05516,            0.025457,            0.010541,           0.0097871,           0.0097871,           0.0097871
                  45,            0.040675,            0.053741,           0.0091812,             0.47852,             0.46575,             0.43116,              0.2205,            0.055622,            0.025768,           0.0098372,           0.0097822,           0.0097822,           0.0097822
                  46,            0.040854,            0.042763,           0.0084591,             0.61256,             0.42596,             0.42492,             0.20492,            0.057377,             0.02518,            0.011336,           0.0097773,           0.0097773,           0.0097773
                  47,            0.038453,            0.049463,            0.008571,             0.59932,             0.44073,             0.40312,             0.24531,             0.06246,            0.027069,            0.014445,           0.0097723,           0.0097723,           0.0097723
                  48,            0.040192,            0.042455,           0.0079732,             0.50193,             0.44284,             0.42204,             0.26557,            0.062829,            0.026522,            0.012236,           0.0097674,           0.0097674,           0.0097674
                  49,            0.044041,            0.046398,           0.0075077,              0.5757,             0.42373,             0.44843,             0.24673,            0.062112,             0.02616,             0.01024,           0.0097624,           0.0097624,           0.0097624
                  50,            0.041652,            0.046654,           0.0075646,             0.55253,              0.4517,             0.48849,             0.27778,            0.057968,            0.028084,           0.0089357,           0.0097575,           0.0097575,           0.0097575
                  51,            0.040834,            0.048673,           0.0082513,             0.50215,             0.50036,             0.47001,             0.28561,            0.053387,            0.027878,           0.0087935,           0.0097525,           0.0097525,           0.0097525
                  52,              0.0377,            0.045517,           0.0063778,             0.47605,             0.47598,             0.43574,             0.23983,            0.055035,            0.026698,           0.0084779,           0.0097476,           0.0097476,           0.0097476
                  53,             0.03614,            0.047679,            0.011244,             0.53877,             0.50533,             0.49012,             0.26524,            0.055348,            0.025959,            0.010265,           0.0097426,           0.0097426,           0.0097426
                  54,            0.040598,            0.048182,           0.0070607,             0.45047,             0.44824,             0.41645,             0.23207,            0.052816,            0.027141,            0.010962,           0.0097377,           0.0097377,           0.0097377
                  55,            0.037194,            0.045125,           0.0087133,             0.52314,             0.43834,             0.47065,             0.27605,            0.050953,            0.025049,           0.0097271,           0.0097327,           0.0097327,           0.0097327
                  56,             0.04027,            0.051856,           0.0072447,             0.48151,             0.46736,             0.42595,             0.24311,            0.049355,            0.025766,           0.0095421,           0.0097278,           0.0097278,           0.0097278
                  57,             0.03933,            0.046174,           0.0073312,             0.41602,             0.46204,             0.40516,             0.21941,            0.050541,            0.026488,            0.010982,           0.0097228,           0.0097228,           0.0097228
                  58,            0.037749,            0.046896,           0.0086496,             0.43706,             0.48231,             0.44523,             0.26188,            0.049854,            0.025423,            0.009154,           0.0097179,           0.0097179,           0.0097179
                  59,             0.03491,            0.047356,           0.0065035,             0.64225,             0.39818,              0.4883,             0.30215,            0.052065,            0.025355,           0.0095591,           0.0097129,           0.0097129,           0.0097129
                  60,            0.037005,            0.045291,           0.0063559,             0.63247,             0.40836,             0.49172,             0.29646,             0.05637,              0.0244,            0.010157,            0.009708,            0.009708,            0.009708
                  61,            0.037802,            0.044087,           0.0078795,             0.67672,               0.402,             0.49317,             0.30291,            0.055877,            0.024731,            0.010905,            0.009703,            0.009703,            0.009703
                  62,            0.034943,            0.046253,            0.010024,             0.61332,             0.48752,             0.51947,             0.30245,            0.056957,            0.025264,            0.010372,            0.009698,            0.009698,            0.009698
                  63,             0.03665,            0.044871,           0.0063852,             0.53284,             0.46933,             0.46767,             0.27058,            0.061405,            0.024797,            0.010743,           0.0096931,           0.0096931,           0.0096931
                  64,            0.036022,             0.04541,           0.0062842,             0.52924,             0.46675,             0.48089,             0.29308,            0.057476,            0.023917,           0.0092579,           0.0096881,           0.0096881,           0.0096881
                  65,            0.035878,            0.046823,           0.0067979,             0.56512,             0.53105,             0.49906,             0.31121,            0.051806,            0.024571,           0.0087692,           0.0096832,           0.0096832,           0.0096832
                  66,            0.033316,            0.044048,           0.0068257,             0.60204,             0.49617,             0.49799,             0.31065,            0.056792,            0.024846,            0.010183,           0.0096783,           0.0096783,           0.0096783
                  67,            0.036772,            0.044456,           0.0063951,             0.55345,               0.481,              0.4859,             0.32294,            0.051825,            0.025564,            0.013018,           0.0096733,           0.0096733,           0.0096733
                  68,            0.036197,            0.050578,           0.0073505,             0.62304,             0.47752,             0.48328,             0.30095,            0.055787,            0.024409,            0.010288,           0.0096684,           0.0096684,           0.0096684
                  69,            0.032844,            0.040127,           0.0054828,             0.51938,             0.50109,              0.4672,             0.27492,             0.05309,            0.024759,            0.011098,           0.0096634,           0.0096634,           0.0096634
                  70,            0.034466,            0.044486,           0.0062737,             0.60819,             0.50659,             0.48607,             0.26042,            0.055052,            0.025351,            0.010281,           0.0096585,           0.0096585,           0.0096585
                  71,            0.036662,            0.046461,             0.00508,             0.54564,             0.48583,             0.47782,             0.30733,            0.049517,            0.024742,            0.010773,           0.0096535,           0.0096535,           0.0096535
                  72,            0.034234,              0.0515,           0.0051284,             0.52084,             0.48613,             0.49039,             0.29396,            0.048493,            0.024601,            0.010306,           0.0096486,           0.0096486,           0.0096486
                  73,             0.03609,            0.045359,           0.0051709,             0.50311,             0.47866,             0.47451,             0.28864,            0.052552,            0.024646,           0.0099749,           0.0096436,           0.0096436,           0.0096436
                  74,            0.034324,              0.0468,           0.0057614,             0.55725,             0.43943,             0.45785,             0.22154,            0.054508,            0.025554,           0.0087452,           0.0096387,           0.0096387,           0.0096387
                  75,            0.035184,            0.046063,           0.0057834,              0.5808,             0.43367,             0.46383,             0.26943,            0.053606,             0.02421,           0.0094457,           0.0096337,           0.0096337,           0.0096337
                  76,            0.034038,            0.050389,           0.0056505,             0.65285,             0.43804,             0.49167,             0.30385,            0.051415,            0.025215,           0.0087014,           0.0096288,           0.0096288,           0.0096288
                  77,            0.034958,            0.048315,           0.0063778,             0.62294,              0.4542,             0.48864,             0.27705,            0.052409,            0.026356,           0.0085085,           0.0096238,           0.0096238,           0.0096238
                  78,            0.033653,            0.045263,           0.0049853,             0.66417,             0.42547,             0.47887,             0.30208,            0.056462,            0.025275,           0.0085908,           0.0096188,           0.0096188,           0.0096188
                  79,            0.034253,            0.047455,           0.0064064,             0.55184,             0.43462,             0.45222,             0.26635,            0.053587,            0.026205,           0.0088645,           0.0096139,           0.0096139,           0.0096139
                  80,            0.030411,            0.043425,           0.0071529,             0.61464,             0.46942,             0.48172,              0.3057,            0.054527,            0.023975,           0.0076795,            0.009609,            0.009609,            0.009609
                  81,            0.034548,            0.041387,           0.0055553,              0.5934,             0.49188,             0.50454,             0.30115,            0.050291,             0.02335,           0.0092588,            0.009604,            0.009604,            0.009604
                  82,            0.032437,             0.04535,           0.0045026,             0.52262,             0.49399,             0.50716,             0.30234,            0.048701,            0.023824,             0.00918,            0.009599,            0.009599,            0.009599
                  83,            0.033537,            0.042611,           0.0047945,             0.53369,             0.50137,             0.49264,             0.31627,            0.049238,            0.024129,            0.010446,           0.0095941,           0.0095941,           0.0095941
                  84,            0.032218,            0.040185,           0.0054556,             0.49391,             0.50719,              0.5026,             0.33579,            0.051264,            0.023502,           0.0096635,           0.0095892,           0.0095892,           0.0095892
                  85,            0.033004,            0.043724,           0.0049708,             0.58882,             0.49138,              0.5058,             0.32857,            0.049352,            0.024471,           0.0090562,           0.0095842,           0.0095842,           0.0095842
                  86,            0.030224,            0.042634,           0.0047998,             0.64194,             0.44039,             0.49883,             0.29886,            0.051443,            0.025221,            0.009976,           0.0095793,           0.0095793,           0.0095793
                  87,            0.032751,            0.040744,           0.0051997,             0.66664,             0.45135,              0.5117,              0.3438,            0.048475,            0.025882,           0.0075392,           0.0095743,           0.0095743,           0.0095743
                  88,            0.032237,            0.040587,           0.0049224,             0.60489,             0.48607,             0.51961,             0.30541,            0.053717,            0.024811,           0.0066819,           0.0095694,           0.0095694,           0.0095694
                  89,            0.035149,            0.043313,           0.0043353,              0.5949,             0.49419,             0.52078,             0.30951,            0.058507,            0.023999,           0.0064245,           0.0095644,           0.0095644,           0.0095644
                  90,            0.031783,            0.041836,           0.0042842,             0.65224,             0.49351,             0.52515,              0.2952,            0.057783,            0.025236,           0.0071257,           0.0095595,           0.0095595,           0.0095595
                  91,            0.034339,            0.041374,           0.0049805,             0.62095,             0.49191,             0.50852,             0.31305,            0.050347,            0.024605,           0.0084435,           0.0095545,           0.0095545,           0.0095545
                  92,            0.030949,            0.043564,           0.0046107,             0.61889,              0.4419,             0.51234,             0.32003,            0.049826,              0.0252,           0.0087583,           0.0095496,           0.0095496,           0.0095496
                  93,            0.032707,            0.043367,           0.0048225,             0.62457,             0.48654,               0.544,             0.32148,            0.048982,            0.025665,           0.0077798,           0.0095446,           0.0095446,           0.0095446
                  94,            0.029216,            0.045525,           0.0048733,              0.6254,             0.46953,             0.51484,             0.29959,            0.052809,            0.025035,           0.0076203,           0.0095397,           0.0095397,           0.0095397
                  95,            0.031883,            0.042667,           0.0041921,             0.61944,             0.48091,              0.5179,             0.29892,            0.049342,            0.027375,           0.0072055,           0.0095347,           0.0095347,           0.0095347
                  96,            0.032424,            0.043408,           0.0041965,             0.56811,             0.50415,             0.48197,             0.27878,            0.050391,            0.025842,             0.00738,           0.0095298,           0.0095298,           0.0095298
                  97,            0.033314,            0.039811,           0.0050064,             0.51029,             0.50548,             0.53151,              0.2924,            0.049309,            0.025196,           0.0077074,           0.0095248,           0.0095248,           0.0095248
                  98,            0.032823,            0.040487,           0.0044037,             0.62744,             0.50668,             0.53386,             0.32487,            0.048795,            0.024475,           0.0082838,           0.0095198,           0.0095198,           0.0095198
                  99,            0.034822,            0.038643,           0.0047724,             0.77691,             0.44335,               0.524,             0.33538,             0.04822,            0.025579,           0.0078917,           0.0095149,           0.0095149,           0.0095149
                 100,            0.031016,            0.041347,           0.0086004,              0.7787,             0.43676,             0.50982,             0.30151,             0.05026,            0.025545,           0.0075214,             0.00951,             0.00951,             0.00951
                 101,            0.030459,            0.043727,           0.0053315,             0.62445,             0.51213,             0.50586,              0.2923,            0.050547,             0.02578,           0.0070068,            0.009505,            0.009505,            0.009505
                 102,            0.030837,            0.041086,           0.0049818,             0.59036,             0.50875,              0.5001,             0.25847,            0.050943,            0.027481,           0.0071998,              0.0095,              0.0095,              0.0095
                 103,            0.030696,            0.043623,           0.0044837,             0.62066,             0.48579,             0.50495,             0.30341,             0.04992,             0.02571,           0.0082225,           0.0094951,           0.0094951,           0.0094951
                 104,            0.028877,            0.041084,           0.0051426,             0.55329,             0.51814,             0.50578,             0.29658,            0.054094,            0.026016,           0.0097523,           0.0094902,           0.0094902,           0.0094902
                 105,            0.030028,            0.043041,           0.0049886,             0.61762,             0.44101,             0.48529,             0.29981,            0.051524,            0.026814,            0.010404,           0.0094852,           0.0094852,           0.0094852
                 106,            0.030386,              0.0409,            0.004857,             0.51382,             0.47697,             0.45458,              0.2884,            0.052944,            0.026646,           0.0093663,           0.0094803,           0.0094803,           0.0094803
                 107,            0.032084,            0.039663,           0.0045572,             0.51511,             0.44014,             0.45689,              0.2899,            0.053217,              0.0264,           0.0092897,           0.0094753,           0.0094753,           0.0094753
                 108,            0.031149,            0.042032,            0.004582,             0.52108,              0.4591,             0.46402,             0.30075,             0.05099,            0.025924,           0.0085153,           0.0094704,           0.0094704,           0.0094704
                 109,            0.029111,            0.040423,           0.0045217,             0.58566,             0.44164,             0.45632,             0.29366,            0.050746,            0.025509,           0.0076837,           0.0094654,           0.0094654,           0.0094654
                 110,            0.029832,            0.040174,           0.0043133,             0.60298,             0.47053,             0.48834,             0.33404,            0.050604,             0.02518,           0.0078152,           0.0094605,           0.0094605,           0.0094605
                 111,            0.030913,            0.044626,           0.0057181,             0.66362,             0.40909,             0.48833,             0.31392,             0.04909,            0.025829,           0.0092678,           0.0094555,           0.0094555,           0.0094555
                 112,            0.030555,            0.040781,           0.0044999,             0.51301,             0.52417,             0.50219,              0.3228,            0.051791,            0.025512,           0.0081402,           0.0094506,           0.0094506,           0.0094506
                 113,            0.030949,            0.041045,           0.0036861,             0.55391,             0.48557,             0.48861,             0.31531,            0.050594,            0.026929,           0.0086711,           0.0094456,           0.0094456,           0.0094456
                 114,            0.028501,            0.039399,           0.0096887,             0.51317,             0.43566,             0.45197,             0.29112,            0.049786,            0.028063,            0.009777,           0.0094407,           0.0094407,           0.0094407
                 115,            0.031998,             0.04276,           0.0039842,             0.52838,               0.484,             0.47323,             0.28873,            0.050466,            0.027171,            0.007899,           0.0094357,           0.0094357,           0.0094357
                 116,            0.029062,            0.040674,           0.0040998,             0.57349,             0.46574,             0.50788,             0.31331,            0.047536,             0.02634,           0.0080037,           0.0094307,           0.0094307,           0.0094307
                 117,            0.029569,            0.039161,           0.0040295,             0.62415,             0.48216,             0.53428,             0.33206,            0.048749,             0.02592,           0.0085798,           0.0094258,           0.0094258,           0.0094258
                 118,            0.029445,            0.040138,           0.0056996,             0.58241,             0.48084,             0.51303,             0.31943,            0.053627,            0.025403,           0.0095791,           0.0094208,           0.0094208,           0.0094208
                 119,            0.032005,            0.040582,           0.0038702,             0.52213,             0.46747,             0.48865,             0.30436,            0.052833,            0.025356,            0.010697,           0.0094159,           0.0094159,           0.0094159
                 120,            0.030496,            0.038194,           0.0048018,              0.5141,             0.52088,             0.50944,             0.27969,             0.05678,            0.026041,           0.0086594,           0.0094109,           0.0094109,           0.0094109
                 121,            0.032399,            0.041093,           0.0039649,             0.51505,             0.52637,             0.51784,             0.32021,            0.052082,            0.024907,           0.0082651,            0.009406,            0.009406,            0.009406
                 122,            0.030022,            0.038062,            0.003839,             0.49493,             0.48893,             0.50036,             0.31404,            0.052515,            0.025648,           0.0079024,            0.009401,            0.009401,            0.009401
                 123,            0.033748,            0.040072,           0.0050305,             0.56046,              0.4708,             0.50301,             0.33214,            0.050859,             0.02499,           0.0078038,           0.0093961,           0.0093961,           0.0093961
                 124,            0.029152,            0.043933,           0.0041639,             0.65922,             0.42209,             0.51826,             0.33563,            0.050804,             0.02474,           0.0082142,           0.0093912,           0.0093912,           0.0093912
                 125,            0.030335,            0.040637,           0.0039394,             0.62363,             0.44174,             0.53936,             0.36871,            0.049503,            0.024614,           0.0081835,           0.0093862,           0.0093862,           0.0093862
                 126,            0.028642,            0.041449,           0.0035054,             0.61092,             0.46728,             0.53211,             0.35421,             0.05156,            0.024186,           0.0078247,           0.0093813,           0.0093813,           0.0093813
                 127,            0.030499,            0.044677,           0.0049874,             0.67262,             0.48118,             0.54699,              0.3229,            0.051262,            0.025049,           0.0078058,           0.0093763,           0.0093763,           0.0093763
                 128,            0.026969,            0.038282,           0.0042669,             0.66297,             0.49939,              0.5458,             0.34217,            0.048318,            0.026302,            0.008394,           0.0093714,           0.0093714,           0.0093714
                 129,            0.027902,            0.039561,           0.0042798,              0.5206,             0.53055,             0.51439,             0.30906,            0.050378,            0.027033,            0.010587,           0.0093664,           0.0093664,           0.0093664
                 130,            0.027841,            0.037192,           0.0035136,             0.46721,             0.53484,             0.50503,             0.31462,            0.050827,            0.026655,            0.011825,           0.0093615,           0.0093615,           0.0093615
                 131,             0.02866,            0.037604,           0.0035872,             0.58815,             0.51675,             0.50541,             0.31542,            0.046392,            0.026726,            0.011315,           0.0093565,           0.0093565,           0.0093565
                 132,            0.028319,            0.042198,           0.0038894,             0.64993,             0.48579,             0.53387,             0.32126,            0.046845,            0.026625,           0.0089635,           0.0093516,           0.0093516,           0.0093516
                 133,            0.028875,            0.038848,           0.0033274,             0.73619,             0.50025,             0.52222,             0.32989,            0.048974,            0.026685,           0.0075777,           0.0093466,           0.0093466,           0.0093466
                 134,            0.028596,            0.039011,           0.0047151,             0.47126,             0.57161,             0.52719,             0.32225,            0.048407,            0.025624,           0.0071102,           0.0093416,           0.0093416,           0.0093416
                 135,            0.031107,            0.038162,           0.0038829,             0.60693,             0.45765,             0.49175,             0.28523,            0.050901,            0.026099,           0.0071298,           0.0093367,           0.0093367,           0.0093367
                 136,            0.026068,            0.038551,           0.0051676,             0.55286,             0.47272,             0.49214,             0.30127,            0.049497,            0.027574,           0.0071066,           0.0093317,           0.0093317,           0.0093317
                 137,            0.026958,             0.03952,           0.0035106,             0.57446,             0.47637,             0.51288,             0.29861,            0.052254,            0.027298,           0.0076507,           0.0093268,           0.0093268,           0.0093268
                 138,            0.027406,            0.038397,            0.003501,             0.48542,             0.50407,             0.48743,             0.29057,            0.053544,            0.026078,           0.0079898,           0.0093219,           0.0093219,           0.0093219
                 139,            0.029451,             0.03641,           0.0030396,             0.58957,             0.47886,             0.50585,             0.30853,            0.050312,             0.02777,           0.0086804,           0.0093169,           0.0093169,           0.0093169
                 140,            0.028259,            0.040623,           0.0041494,             0.52725,             0.51463,             0.49933,             0.29854,            0.050645,            0.026781,           0.0084005,           0.0093119,           0.0093119,           0.0093119
                 141,            0.028508,            0.039059,           0.0040165,             0.50521,             0.56329,             0.50396,             0.32986,             0.05124,            0.026004,           0.0085444,            0.009307,            0.009307,            0.009307
                 142,            0.026154,             0.03883,           0.0035886,             0.56326,             0.50115,             0.49723,             0.30317,            0.047166,            0.026739,           0.0085833,            0.009302,            0.009302,            0.009302
                 143,             0.02738,            0.038109,             0.00411,             0.55576,             0.54298,              0.5141,             0.29702,            0.047545,            0.027881,           0.0092794,           0.0092971,           0.0092971,           0.0092971
                 144,            0.027126,            0.039281,           0.0033385,             0.61157,             0.47658,              0.4998,             0.28652,            0.049468,             0.02628,           0.0098765,           0.0092922,           0.0092922,           0.0092922
                 145,            0.028468,            0.038566,           0.0047165,             0.61082,             0.50569,              0.5065,             0.30008,            0.047971,            0.027297,           0.0097634,           0.0092872,           0.0092872,           0.0092872
                 146,            0.030137,            0.042643,           0.0040555,             0.49291,             0.57566,             0.50317,             0.30465,            0.048575,            0.027556,           0.0088867,           0.0092823,           0.0092823,           0.0092823
                 147,             0.03034,            0.038631,           0.0034207,             0.50779,             0.49374,             0.47988,             0.30607,            0.051411,            0.026229,           0.0093278,           0.0092773,           0.0092773,           0.0092773
                 148,            0.026779,            0.042785,           0.0033658,             0.52839,             0.49329,             0.48631,             0.30107,            0.047584,            0.026515,             0.00916,           0.0092724,           0.0092724,           0.0092724
                 149,            0.026365,            0.038915,           0.0038342,              0.6229,             0.48804,             0.51043,             0.31611,            0.050182,            0.026625,           0.0098527,           0.0092674,           0.0092674,           0.0092674
                 150,             0.02627,            0.038783,            0.004988,             0.60303,             0.47448,             0.50402,             0.32146,            0.049724,             0.02579,           0.0099876,           0.0092625,           0.0092625,           0.0092625
                 151,            0.028182,            0.036618,             0.00377,             0.50316,             0.49526,             0.48671,             0.31202,            0.049819,            0.025453,            0.011229,           0.0092575,           0.0092575,           0.0092575
                 152,            0.026464,            0.035624,           0.0047746,             0.62329,             0.49031,             0.50936,             0.34247,            0.047005,             0.02529,            0.010208,           0.0092526,           0.0092526,           0.0092526
                 153,            0.027182,            0.041721,           0.0032392,             0.56045,             0.45359,             0.48952,             0.31554,            0.048934,            0.025971,            0.010841,           0.0092476,           0.0092476,           0.0092476
                 154,            0.027504,            0.038631,            0.003823,             0.57554,             0.46478,             0.51058,             0.31142,            0.050606,            0.026203,            0.010724,           0.0092426,           0.0092426,           0.0092426
                 155,            0.028939,            0.037588,           0.0045118,             0.51386,             0.51092,             0.52764,             0.33395,            0.046985,            0.026059,            0.009984,           0.0092377,           0.0092377,           0.0092377
                 156,            0.025754,            0.043935,           0.0035331,             0.56496,             0.49173,             0.52685,             0.33427,            0.047784,            0.025524,           0.0094071,           0.0092327,           0.0092327,           0.0092327
                 157,            0.026497,            0.036287,           0.0062591,             0.62285,             0.48057,             0.53592,             0.34398,            0.047942,            0.025939,           0.0087486,           0.0092278,           0.0092278,           0.0092278
                 158,            0.024988,            0.037179,           0.0042113,             0.60536,              0.5119,             0.54462,             0.31759,            0.048788,            0.026451,           0.0084874,           0.0092229,           0.0092229,           0.0092229
                 159,            0.026316,            0.039704,           0.0032832,              0.6172,             0.47816,             0.51917,             0.31526,            0.046564,             0.02804,           0.0073741,           0.0092179,           0.0092179,           0.0092179
                 160,            0.027929,            0.039499,           0.0034695,             0.61211,             0.50409,             0.52912,             0.31592,            0.046704,            0.027365,           0.0078097,           0.0092129,           0.0092129,           0.0092129
                 161,            0.027734,            0.037585,           0.0036148,             0.55423,             0.53504,             0.53063,              0.3157,             0.04675,            0.027718,           0.0094082,            0.009208,            0.009208,            0.009208
                 162,            0.024092,            0.039068,            0.004323,              0.7068,             0.45174,             0.51435,             0.31018,            0.046111,             0.02886,           0.0096563,           0.0092031,           0.0092031,           0.0092031
                 163,            0.027622,            0.042841,           0.0051645,             0.57606,             0.46073,             0.52064,             0.32506,            0.050989,             0.02894,            0.011002,           0.0091981,           0.0091981,           0.0091981
                 164,             0.02703,            0.039422,           0.0033121,             0.58067,             0.51482,             0.52308,             0.33482,            0.048543,            0.027946,            0.010082,           0.0091932,           0.0091932,           0.0091932
                 165,            0.026716,            0.035638,           0.0040299,             0.62602,             0.48862,             0.51778,             0.32435,            0.046625,            0.028042,            0.010108,           0.0091882,           0.0091882,           0.0091882
                 166,              0.0263,            0.038821,           0.0033492,             0.50421,             0.55005,             0.53082,             0.31094,            0.048229,            0.027622,           0.0098922,           0.0091833,           0.0091833,           0.0091833
                 167,             0.02977,            0.035884,            0.003782,             0.52152,             0.51273,             0.47817,             0.30191,            0.049453,            0.028234,            0.010429,           0.0091783,           0.0091783,           0.0091783
                 168,            0.025824,            0.038149,            0.003909,             0.64477,             0.46211,             0.49377,             0.30476,            0.048408,             0.02841,            0.011253,           0.0091734,           0.0091734,           0.0091734
                 169,            0.025962,            0.036462,           0.0036049,             0.55161,              0.5071,             0.48773,             0.33346,            0.048273,             0.02744,            0.010527,           0.0091684,           0.0091684,           0.0091684
                 170,            0.025732,            0.038362,           0.0036122,             0.55804,              0.4941,             0.49399,             0.30861,            0.050262,            0.027176,            0.010817,           0.0091635,           0.0091635,           0.0091635
                 171,            0.028044,             0.03625,           0.0034501,             0.52014,              0.5297,             0.50304,             0.33336,            0.047919,            0.028301,            0.010714,           0.0091585,           0.0091585,           0.0091585
                 172,            0.024805,            0.039112,           0.0050052,              0.6328,             0.47748,             0.50479,             0.33221,             0.04732,            0.028784,           0.0098396,           0.0091535,           0.0091535,           0.0091535
                 173,            0.025572,            0.037778,           0.0042762,             0.61344,             0.48449,             0.49884,             0.32191,            0.048555,            0.026813,            0.010288,           0.0091486,           0.0091486,           0.0091486
                 174,            0.025394,            0.037586,           0.0053991,             0.64815,             0.47515,             0.52575,             0.32462,            0.048536,            0.026692,            0.010707,           0.0091436,           0.0091436,           0.0091436
                 175,            0.026692,            0.036158,           0.0033886,             0.59698,             0.47645,             0.50113,             0.32933,            0.047389,            0.027346,            0.011558,           0.0091387,           0.0091387,           0.0091387
                 176,             0.02456,            0.034154,           0.0051622,             0.69788,             0.43129,             0.50023,             0.32773,            0.049321,            0.027967,            0.010189,           0.0091337,           0.0091337,           0.0091337
                 177,            0.025461,            0.039792,           0.0033768,             0.56959,             0.52198,             0.50057,             0.32606,             0.04855,            0.027011,           0.0085363,           0.0091288,           0.0091288,           0.0091288
                 178,            0.024174,            0.037336,           0.0038948,             0.61493,             0.45177,             0.48949,             0.29663,            0.046776,            0.029294,           0.0079888,           0.0091239,           0.0091239,           0.0091239
                 179,            0.028817,            0.035057,           0.0030712,             0.61878,             0.45706,             0.50847,             0.30621,            0.049419,            0.030335,           0.0076244,           0.0091189,           0.0091189,           0.0091189
                 180,            0.025574,            0.036644,           0.0034649,             0.61661,             0.47277,             0.52193,             0.31298,             0.04665,            0.030996,           0.0085904,           0.0091139,           0.0091139,           0.0091139
                 181,            0.026034,            0.035888,           0.0057229,              0.6682,             0.48555,              0.5106,             0.28897,            0.046374,            0.030607,           0.0091664,            0.009109,            0.009109,            0.009109
                 182,            0.027243,            0.033789,           0.0050662,             0.55549,             0.46675,             0.50207,             0.26473,            0.047947,            0.030787,           0.0082507,           0.0091041,           0.0091041,           0.0091041
                 183,             0.02716,            0.036916,           0.0034746,             0.69013,             0.43144,             0.51129,             0.32247,            0.046817,            0.029406,           0.0078502,           0.0090991,           0.0090991,           0.0090991
                 184,            0.025126,            0.034884,           0.0026434,             0.64843,               0.482,             0.52647,             0.31884,            0.047301,            0.029141,           0.0072916,           0.0090942,           0.0090942,           0.0090942
                 185,            0.025739,            0.036911,           0.0032436,             0.62141,             0.47914,             0.51639,             0.29934,            0.047164,            0.028019,           0.0093911,           0.0090892,           0.0090892,           0.0090892
                 186,            0.025086,            0.037811,           0.0026997,             0.56053,             0.47074,             0.49399,             0.29777,            0.046212,            0.028327,            0.011678,           0.0090843,           0.0090843,           0.0090843
                 187,            0.028104,            0.033725,            0.002784,             0.63375,             0.53024,             0.52489,             0.32262,            0.047106,             0.02595,            0.010703,           0.0090793,           0.0090793,           0.0090793
                 188,            0.024223,            0.034813,           0.0038112,             0.64391,             0.44799,             0.51726,             0.33311,            0.046126,            0.025485,           0.0091921,           0.0090744,           0.0090744,           0.0090744
                 189,            0.024418,            0.036885,           0.0029689,             0.67418,             0.50078,             0.52934,             0.33825,            0.046802,            0.025588,           0.0087015,           0.0090694,           0.0090694,           0.0090694
                 190,            0.023377,            0.034947,           0.0036112,             0.61786,             0.51294,             0.50886,             0.32396,             0.04798,            0.025476,            0.010125,           0.0090644,           0.0090644,           0.0090644
                 191,            0.024567,            0.038035,           0.0035252,             0.63643,             0.46133,             0.49537,             0.32283,            0.046886,            0.026046,           0.0082769,           0.0090595,           0.0090595,           0.0090595
                 192,            0.026136,            0.033489,           0.0035738,             0.66267,             0.45399,             0.49541,             0.32607,            0.047399,            0.026104,           0.0086624,           0.0090545,           0.0090545,           0.0090545
                 193,            0.026243,            0.038109,           0.0031362,             0.62224,             0.46869,             0.49316,             0.31456,            0.046535,            0.026673,           0.0095999,           0.0090496,           0.0090496,           0.0090496
                 194,             0.02453,            0.034138,           0.0025196,             0.72612,             0.45267,             0.48761,              0.2986,            0.047261,            0.027052,            0.011263,           0.0090446,           0.0090446,           0.0090446
                 195,             0.02562,            0.036252,           0.0034167,             0.59923,             0.45338,             0.48341,             0.32087,            0.049982,            0.027478,            0.011782,           0.0090397,           0.0090397,           0.0090397
                 196,            0.024355,            0.033531,           0.0022823,             0.71481,             0.40677,             0.50059,              0.3288,            0.051657,            0.027934,           0.0097978,           0.0090347,           0.0090347,           0.0090347
                 197,               0.026,             0.03552,           0.0046435,             0.63882,              0.4542,             0.48358,             0.32799,            0.046377,            0.028963,           0.0095274,           0.0090298,           0.0090298,           0.0090298
                 198,            0.022362,            0.033628,           0.0025025,             0.60036,             0.43641,              0.4838,             0.30898,            0.047743,            0.029395,            0.010368,           0.0090248,           0.0090248,           0.0090248
                 199,            0.025346,            0.037092,           0.0031431,             0.56172,             0.45157,             0.47784,             0.32285,            0.046144,            0.028542,            0.010686,           0.0090199,           0.0090199,           0.0090199
                 200,            0.025387,            0.036909,           0.0053429,              0.6633,             0.45953,             0.50767,             0.33163,             0.04645,            0.027016,           0.0098026,           0.0090149,           0.0090149,           0.0090149
                 201,            0.026403,            0.034011,            0.004755,             0.74242,             0.45768,             0.52541,             0.33471,            0.049563,            0.027211,           0.0097192,             0.00901,             0.00901,             0.00901
                 202,            0.023862,            0.033786,           0.0032593,             0.63102,             0.50224,             0.50477,             0.31048,            0.045827,            0.028504,           0.0095805,           0.0090051,           0.0090051,           0.0090051
                 203,            0.026333,            0.036602,           0.0028264,             0.57652,             0.48355,             0.50523,             0.33716,            0.046327,            0.027665,           0.0096987,           0.0090001,           0.0090001,           0.0090001
                 204,            0.023584,            0.032853,           0.0034183,             0.65339,             0.50279,             0.52874,               0.327,            0.046907,             0.02731,           0.0098547,           0.0089952,           0.0089952,           0.0089952
                 205,            0.024676,            0.037266,           0.0033826,             0.69447,             0.51858,             0.54173,             0.31898,            0.043909,            0.027473,           0.0088998,           0.0089902,           0.0089902,           0.0089902
                 206,            0.023357,            0.038942,           0.0030927,             0.61694,             0.53255,             0.52478,             0.33852,            0.047063,             0.02857,           0.0091056,           0.0089853,           0.0089853,           0.0089853
                 207,            0.023526,            0.034806,           0.0033608,             0.67968,             0.47918,             0.51468,             0.32203,            0.049299,            0.027085,           0.0099108,           0.0089803,           0.0089803,           0.0089803
                 208,            0.023761,            0.034734,           0.0028823,             0.61678,             0.46658,             0.48942,             0.33736,            0.046181,            0.027663,             0.00984,           0.0089753,           0.0089753,           0.0089753
                 209,            0.023311,            0.034995,           0.0037601,             0.65098,             0.47244,             0.49738,             0.33101,            0.045454,            0.029575,           0.0088444,           0.0089704,           0.0089704,           0.0089704
                 210,            0.023947,            0.035856,           0.0030374,             0.56127,             0.46457,              0.5063,             0.31319,            0.047572,            0.029897,           0.0091959,           0.0089654,           0.0089654,           0.0089654
                 211,            0.025972,            0.036406,           0.0049204,             0.65394,             0.45671,             0.51005,             0.32561,            0.047648,            0.029143,           0.0077013,           0.0089605,           0.0089605,           0.0089605
                 212,            0.025042,            0.034167,           0.0026417,             0.59441,             0.49882,             0.49521,             0.31573,            0.047285,            0.028228,           0.0074887,           0.0089555,           0.0089555,           0.0089555
                 213,            0.024744,            0.031566,           0.0024889,             0.56391,             0.49074,             0.50107,              0.3149,            0.044851,            0.028722,           0.0073689,           0.0089506,           0.0089506,           0.0089506
                 214,            0.025696,            0.036394,           0.0036168,             0.63492,             0.48238,             0.50991,             0.31305,            0.045779,            0.028144,           0.0076113,           0.0089456,           0.0089456,           0.0089456
                 215,            0.027782,            0.032736,           0.0058402,             0.58057,             0.52183,             0.50904,             0.27728,            0.048264,            0.029678,           0.0074504,           0.0089407,           0.0089407,           0.0089407
                 216,            0.022652,            0.033095,            0.002696,              0.5852,             0.50383,             0.50121,             0.29381,            0.047291,             0.02957,           0.0077032,           0.0089358,           0.0089358,           0.0089358
                 217,            0.022953,             0.03476,           0.0038756,             0.59141,             0.48979,             0.50411,             0.30679,              0.0468,            0.028319,           0.0096145,           0.0089308,           0.0089308,           0.0089308
                 218,            0.023095,            0.033746,           0.0047152,             0.62115,             0.44796,             0.50652,             0.29771,            0.045805,            0.027679,            0.010284,           0.0089258,           0.0089258,           0.0089258
                 219,             0.02604,            0.032719,           0.0042744,             0.57627,             0.47307,             0.49394,              0.3014,            0.048014,            0.028388,            0.011606,           0.0089209,           0.0089209,           0.0089209
                 220,            0.022013,            0.034188,            0.002546,             0.52218,             0.50269,             0.49162,             0.30346,             0.04886,            0.028446,            0.011574,           0.0089159,           0.0089159,           0.0089159
                 221,            0.023183,            0.034435,           0.0041043,             0.58771,             0.48221,             0.51452,             0.31062,            0.048007,            0.028415,            0.012199,            0.008911,            0.008911,            0.008911
                 222,            0.022916,            0.038571,           0.0030984,             0.61832,              0.4472,             0.50332,             0.30038,              0.0488,            0.028969,            0.011044,           0.0089061,           0.0089061,           0.0089061
                 223,            0.025314,            0.036245,           0.0029124,             0.55715,             0.52269,             0.51371,             0.32877,            0.048011,            0.028725,            0.012337,           0.0089011,           0.0089011,           0.0089011
                 224,            0.024353,            0.034971,           0.0026355,             0.60003,             0.47595,             0.51655,             0.32168,            0.047125,            0.028508,            0.011385,           0.0088962,           0.0088962,           0.0088962
                 225,            0.025365,            0.033094,           0.0030478,             0.53031,             0.51776,             0.51194,             0.30861,            0.046913,            0.029927,            0.013627,           0.0088912,           0.0088912,           0.0088912
